userId,reason
7215327,原因未知
5726858,原因未知
5996297,原因未知
4860465,原因未知
1288394,原因未知
2348226,原因未知
6785077,原因未知
4306243,原因未知
1751523,原因未知
4184032,https://fayeyu114514.lanzouq.com/iETjv33vdmpi
1691743,https://fayeyu114514.lanzouq.com/iFoVN33vhuid
6042509,https://fayeyu114514.lanzouq.com/iFoVN33vhuid
8863292,https://fayeyu114514.lanzouq.com/iwC9433y7lva
3975075,原因未知
9364523,https://fayeyu114514.lanzouq.com/iQz4o3426ane
4763452,原因未知
5990176,https://fayeyu114514.lanzouq.com/iiH8R34odzfa
9458617,https://fayeyu114514.lanzouq.com/itifD34ruf9e
4077763,https://fayeyu114514.lanzouq.com/i6PK134vo8of
